train_variety,test_variety,macro_f1_mean,macro_f1_std,class_1_f1_mean,class_1_f1_std,class_0_f1_mean,accuracy_mean
en-AU,en-AU,0.7518,0.0356,0.6788,0.0154,0.8247,0.7751
en-AU,en-IN,0.5014,0.0356,0.2382,0.0,0.7647,0.6434
en-AU,en-UK,0.6008,0.0361,0.3626,0.0324,0.8389,0.7435
en-IN,en-AU,0.5364,0.1657,0.2379,0.322,0.835,0.7316
en-IN,en-IN,0.5958,0.0214,0.2861,0.0342,0.9054,0.8394
en-IN,en-UK,0.581,0.1167,0.2168,0.2552,0.9452,0.8993
en-UK,en-AU,0.6419,0.0392,0.4485,0.0871,0.8353,0.7474
en-UK,en-IN,0.5776,0.0464,0.2953,0.0243,0.8598,0.7696
en-UK,en-UK,0.7016,0.0467,0.464,0.0642,0.9392,0.8914
