stage,task,model,training_data,train_variety,test_variety,accuracy_mean,accuracy_std,accuracy_count,macro_precision_mean,macro_precision_std,macro_precision_count,macro_recall_mean,macro_recall_std,macro_recall_count,macro_f1_mean,macro_f1_std,macro_f1_count,class_0_precision_mean,class_0_precision_std,class_0_precision_count,class_0_recall_mean,class_0_recall_std,class_0_recall_count,class_0_f1_mean,class_0_f1_std,class_0_f1_count,class_1_precision_mean,class_1_precision_std,class_1_precision_count,class_1_recall_mean,class_1_recall_std,class_1_recall_count,class_1_f1_mean,class_1_f1_std,class_1_f1_count
Q2.1,Sarcasm,majority_baseline,all_varieties_pooled,pooled,pooled,0.8603,,1,0.4301,,1,0.5,,1,0.4624,,1,0.8603,,1,1.0,,1,0.9249,,1,0.0,,1,0.0,,1,0.0,,1
Q2.1,Sarcasm,roberta_base,all_varieties_pooled,pooled,pooled,0.8458,0.0237,2,0.6968,0.0258,2,0.7306,0.0153,2,0.7087,0.0122,2,0.9276,0.008,2,0.8906,0.0387,2,0.9084,0.0164,2,0.4659,0.0595,2,0.5705,0.0696,2,0.509,0.008,2
Q2.1,Sarcasm,tfidf_logreg,all_varieties_pooled,pooled,pooled,0.77,0.0,2,0.6087,0.0,2,0.6618,0.0,2,0.621,0.0,2,0.911,0.0,2,0.812,0.0,2,0.8587,0.0,2,0.3065,0.0,2,0.5115,0.0,2,0.3833,0.0,2
Q2.1,Sarcasm,tfidf_svm,all_varieties_pooled,pooled,pooled,0.8273,0.0,2,0.6103,0.0,2,0.5838,0.0,2,0.5932,0.0,2,0.8827,0.0,2,0.9217,0.0,2,0.9018,0.0,2,0.3378,0.0,2,0.2459,0.0,2,0.2846,0.0,2
Q2.1,Sentiment,majority_baseline,all_varieties_pooled,pooled,pooled,0.5117,,1,0.2558,,1,0.5,,1,0.3385,,1,0.5117,,1,1.0,,1,0.677,,1,0.0,,1,0.0,,1,0.0,,1
Q2.1,Sentiment,roberta_base,all_varieties_pooled,pooled,pooled,0.902,0.0013,2,0.9022,0.0013,2,0.902,0.0008,2,0.902,0.0012,2,0.9078,0.0159,2,0.9002,0.0221,2,0.9038,0.0033,2,0.8967,0.0185,2,0.9038,0.0206,2,0.9,0.0008,2
Q2.1,Sentiment,tfidf_logreg,all_varieties_pooled,pooled,pooled,0.8291,0.0,2,0.83,0.0,2,0.8285,0.0,2,0.8287,0.0,2,0.8179,0.0,2,0.8568,0.0,2,0.8369,0.0,2,0.8421,0.0,2,0.8002,0.0,2,0.8206,0.0,2
Q2.1,Sentiment,tfidf_svm,all_varieties_pooled,pooled,pooled,0.841,0.0,2,0.8418,0.0,2,0.8404,0.0,2,0.8407,0.0,2,0.8302,0.0,2,0.8666,0.0,2,0.848,0.0,2,0.8535,0.0,2,0.8143,0.0,2,0.8334,0.0,2
Q2.2,Sarcasm,roberta_base_crossvariety,,en-AU,en-AU,0.7751,0.0509,2,0.754,0.0257,2,0.7834,0.0008,2,0.7518,0.0356,2,0.9078,0.0429,2,0.7633,0.1246,2,0.8247,0.0559,2,0.6001,0.0942,2,0.8036,0.1263,2,0.6788,0.0154,2
Q2.2,Sarcasm,roberta_base_crossvariety,,en-AU,en-IN,0.6434,0.0832,2,0.5603,0.0061,2,0.7218,0.0431,2,0.5014,0.0356,2,0.9802,0.018,2,0.6309,0.1032,2,0.7647,0.0711,2,0.1403,0.0059,2,0.8125,0.1894,2,0.2382,0.0,2
Q2.2,Sarcasm,roberta_base_crossvariety,,en-AU,en-UK,0.7435,0.0535,2,0.6099,0.0107,2,0.8396,0.0016,2,0.6008,0.0361,2,0.995,0.007,2,0.7264,0.0634,2,0.8389,0.0399,2,0.2248,0.0285,2,0.9528,0.0667,2,0.3626,0.0324,2
Q2.2,Sarcasm,roberta_base_crossvariety,,en-IN,en-AU,0.7316,0.0339,2,0.7836,0.0989,2,0.5717,0.0977,2,0.5364,0.1657,2,0.7416,0.0486,2,0.9596,0.0571,2,0.835,0.0093,2,0.8257,0.2465,2,0.1836,0.2525,2,0.2379,0.322,2
Q2.2,Sarcasm,roberta_base_crossvariety,,en-IN,en-IN,0.8394,0.1196,2,0.6273,0.0574,2,0.6822,0.1346,2,0.5958,0.0214,2,0.962,0.027,2,0.8644,0.16,2,0.9054,0.077,2,0.2926,0.1418,2,0.5,0.4294,2,0.2861,0.0342,2
Q2.2,Sarcasm,roberta_base_crossvariety,,en-IN,en-UK,0.8993,0.0354,2,0.6744,0.0542,2,0.6164,0.1523,2,0.581,0.1167,2,0.943,0.0247,2,0.9498,0.0689,2,0.9452,0.0218,2,0.4059,0.1331,2,0.2831,0.3736,2,0.2168,0.2552,2
Q2.2,Sarcasm,roberta_base_crossvariety,,en-UK,en-AU,0.7474,0.0011,2,0.7048,0.0193,2,0.6342,0.0361,2,0.6419,0.0392,2,0.7744,0.0243,2,0.9087,0.054,2,0.8353,0.0088,2,0.635,0.0629,2,0.3597,0.1263,2,0.4485,0.0871,2
Q2.2,Sarcasm,roberta_base_crossvariety,,en-UK,en-IN,0.7696,0.097,2,0.583,0.0115,2,0.7316,0.0473,2,0.5776,0.0464,2,0.9724,0.0151,2,0.7756,0.12,2,0.8598,0.0685,2,0.1936,0.0381,2,0.6875,0.2147,2,0.2953,0.0243,2
Q2.2,Sarcasm,roberta_base_crossvariety,,en-UK,en-UK,0.8914,0.0485,2,0.6856,0.0693,2,0.755,0.0289,2,0.7016,0.0467,2,0.9652,0.0077,2,0.9158,0.0623,2,0.9392,0.0291,2,0.406,0.1463,2,0.5943,0.1201,2,0.464,0.0642,2
Q2.3,Sarcasm,gemma2b_lora,,en-AU,en-AU,0.8134,0.0202,2,0.775,0.0238,2,0.774,0.029,2,0.7745,0.0265,2,0.8668,0.0192,2,0.8694,0.0075,2,0.868,0.0134,2,0.6834,0.0285,2,0.6786,0.0505,2,0.6808,0.0397,2
Q2.3,Sarcasm,gemma2b_lora,,en-AU,en-IN,0.7677,0.0026,2,0.5539,0.0351,2,0.6562,0.1125,2,0.5481,0.042,2,0.9578,0.0199,2,0.7856,0.0149,2,0.8631,0.0009,2,0.15,0.0505,2,0.5268,0.2399,2,0.2332,0.0849,2
Q2.3,Sarcasm,gemma2b_lora,,en-AU,en-UK,0.775,0.0051,2,0.6136,0.0103,2,0.8306,0.0333,2,0.6194,0.0127,2,0.989,0.007,2,0.7651,0.0,2,0.8628,0.0026,2,0.238,0.0135,2,0.8962,0.0667,2,0.3761,0.0228,2
Q2.3,Sarcasm,gemma2b_lora,,en-IN,en-AU,0.7084,0.0053,2,0.6742,0.1385,2,0.5083,0.0048,2,0.4361,0.0054,2,0.7096,0.002,2,0.9936,0.006,2,0.828,0.0035,2,0.6388,0.275,2,0.0229,0.0036,2,0.0442,0.0074,2
Q2.3,Sarcasm,gemma2b_lora,,en-IN,en-IN,0.9283,0.0008,2,0.674,0.009,2,0.548,0.0229,2,0.5649,0.0322,2,0.9376,0.003,2,0.9888,0.0047,2,0.9626,0.0006,2,0.4106,0.0149,2,0.1072,0.0506,2,0.1672,0.0651,2
Q2.3,Sarcasm,gemma2b_lora,,en-IN,en-UK,0.9278,0.003,2,0.8503,0.1619,2,0.5496,0.0168,2,0.5692,0.0245,2,0.9313,0.0024,2,0.9954,0.0066,2,0.9622,0.0018,2,0.7692,0.3263,2,0.1038,0.04,2,0.1763,0.0507,2
Q2.3,Sarcasm,gemma2b_lora,,en-UK,en-AU,0.7204,0.0095,2,0.668,0.0346,2,0.5488,0.0151,2,0.5236,0.024,2,0.7278,0.0069,2,0.965,0.0015,2,0.8298,0.005,2,0.6082,0.0623,2,0.1326,0.0289,2,0.2176,0.0429,2
Q2.3,Sarcasm,gemma2b_lora,,en-UK,en-IN,0.9094,0.0035,2,0.5868,0.0514,2,0.5668,0.0624,2,0.5717,0.0635,2,0.9404,0.0086,2,0.9638,0.014,2,0.9519,0.0024,2,0.2334,0.0943,2,0.1697,0.1389,2,0.1915,0.1294,2
Q2.3,Sarcasm,gemma2b_lora,,en-UK,en-UK,0.9378,0.0011,2,0.8068,0.0092,2,0.6762,0.0312,2,0.7189,0.0249,2,0.9501,0.0048,2,0.9846,0.0043,2,0.967,0.0004,2,0.6636,0.0233,2,0.368,0.0667,2,0.4708,0.0494,2
