q4_id,idx,error_type,true_label,pred_label,prob_sarc,wrong_confidence,word_count,text
1,142,FN,1,0,0.0,1.0,11,"It's great, barely any customers and the cinemas are always empty."
2,540,FN,1,0,0.0,1.0,40,"I used to watch Jordan shanks but he retire from journalism this year, i usually just put on Philip defranco on the morning now. He usually does a bit of everything but he's is American so not much local news."
3,522,FN,1,0,0.0,1.0,56,I really just have anecdotes to add. But I've noticed there have been **a lot** of people off sick in the past few weeks at my job. People being off sick for long periods of time. There's definitely *something* going around at the moment. But I've not paid too much attention to it outside of that.
4,595,FN,1,0,0.0,1.0,148,"Disappointing service. Initially pre booked over a week prior, was on time but rushed through ordering without barely reading the menu. Pressure and stress the entire time. Asked if food was ok before we even took bite & constantly interrupted. If there was a time limit no one communicated this with us. Really made the whole night a very uncomfortable, rushed and stressful experienced. No ordering extra drinks or dessert. Food was excellent as always. Experience and Service horrible. After supporting this business since it opened I do n't feel like dining in anymore. I paid over 150 just to be rushed out the door and night completely ruined. ACCESS Is not all abilities accessible, difficult access with low steps into the building, very crowded with furniture inside making it difficult to navigate with mobility equipment. NUERODIVERSE Noisy and aggressive service not friendly to those with diverse needs."
5,543,FN,1,0,0.0,1.0,11,"Cool, without knowing your prospective field, this is impossible to answer"
6,261,FP,0,1,0.9999,0.9999,219,"Lets be clear - calling out actual racism is not divisive, it is pointing out actual division. Classic conservative playbook approach to quash movements for equality.
However I feel like progressives labelling the whole country racists is having diminishing returns. Of course some people in Australia are racist and this may be worse in certain demographics. But for those that aren't who aren't also progressive, it is just alienating
Labelling everyone as racist will often mean you are blind to the true forces underlying racism or what appears to be racism, which IMO is usually economic inequality. People in economic hardship are more easily convinced their circumstances are the result of the other tribe and race can so easily play into that (eg if you are poor, why does it make sense to vote Yes in the referendum if you perceive that someone else gets a leg up when you are doing it tough)
In this sense, this type of rhetoric is divisive to the working class who need to be in solidarity to overcome those real economic problems. You can't let either side of politics tell you ordinary people are the problem.
This is of course not the actual motivation of Price, who doesn't give a flying F about ordinary people when it actual comes down to it"
7,476,FP,0,1,0.9999,0.9999,8,"One ball, one bounce. Thems are the rules."
8,320,FP,0,1,0.9999,0.9999,29,"Aren't they supposed to talk? 
And that Philippine president is just looking for an excuse to declare martial law and stay in power for two decades like his father."
9,395,FP,0,1,0.9998,0.9998,12,When will the internet stop being racist? Is that really your question?
10,65,FP,0,1,0.9997,0.9997,197,"As much as I agree with Samaras, I think ultimately that Perrett saying that *""grand narratives belonged in election campaigns rather than budgets""* is probably the more practical truth.
This puts Labor in a position they're very comfortable in - lip service about the change they want, but only carrying out the changes they need (or believe they can afford) to make.
This is a fundamental issue with democracy under neoliberal and capitalist assumptions. It keeps the leftwing establishment from the proper work of nation building, keeps them ""tinkering around the edges"" as the article puts it - and allows for a ratcheting to the right of politics.
It's easy to cut taxes on wealth and big business donors. It's easy to take some money from here, put it there, to let Capitalism usurp your party's values over time. Much easier than standing up for your country, your values, or people who actually vote you in/out.
You need an economic radical to actually make substantial changes, someone willing to test things like Modern Monetary Theory, or to challenge mining giants. The exact kind of people who would never be allowed to make it that far in politics."
